geo_point_2d;geo_shape;ambulancer;bikeage_gr;bike_age;bike_dir;bike_injur;bike_pos;bike_race;bike_sex;city;county;crashalcoh;crashday;crash_grp;crash_loc;crash_mont;crash_time;crash_type;crash_year;crsh_sevri;developmen;drvrage_gr;drvr_age;drvr_alc_d;drvr_estsp;drvr_injur;drvr_race;drvr_sex;drvr_vehty;excsspdind;hit_run;light_cond;locality;num_lanes;num_units;rd_charact;rd_class;rd_conditi;rd_config;rd_defects;rd_feature;rd_surface;rural_urba;speed_limi;traff_cntr;weather;workzone_i
35.9326740986, -79.0112527299;"{""type"": ""Point"", ""coordinates"": [-79.01125272986329, 35.93267409858912]}";Yes;40-49;48;With Traffic;C: Possible Injury;Travel Lane;White;Female;Chapel Hill;Orange;No;Sunday;Motorist Left Turn / Merge;Intersection;March;18:01;Motorist Left Turn - Opposite Direction;2008;C: Possible Injury;Residential;70+;70+;No;16-20 mph;O: No Injury;White;Female;Passenger Car;No;No;Daylight;Urban (>70% Developed);2 lanes;2.0;Straight - Level;Local Street;Dry;Two-Way, Not Divided;None;Four-Way Intersection;Smooth Asphalt;Urban;30 - 35  MPH;No Control Present;Clear;No
35.9073970913, -79.0631527442;"{""type"": ""Point"", ""coordinates"": [-79.0631527442048, 35.90739709134507]}";Yes;25-29;26;With Traffic;C: Possible Injury;Travel Lane;White;Male;Chapel Hill;Orange;No;Thursday;Motorist Right Turn / Merge;Intersection;January;11:13;Motorist Right Turn - Same Direction;2010;C: Possible Injury;Residential;50-59;59;No;16-20 mph;O: No Injury;Black;Male;Pickup;No;No;Daylight;Urban (>70% Developed);2 lanes;2.0;Straight - Level;Local Street;Dry;Two-Way, Not Divided;None;No Special Feature;Smooth Asphalt;Urban;20 - 25  MPH;Other;Clear;No
35.9089399998, -79.0588999998;"{""type"": ""Point"", ""coordinates"": [-79.05889999975244, 35.908939999779165]}";No;20-24;23;Facing Traffic;C: Possible Injury;Travel Lane;White;Male;Chapel Hill;Orange;Yes;Wednesday;Motorist Failed to Yield - Signalized Intersection;Intersection;July;18:49;Motorist Drive Through - Signalized Intersection;2013;C: Possible Injury;Residential;20-24;21;Yes;26-30 mph;O: No Injury;White;Male;Passenger Car;No;No;Daylight;Urban (>70% Developed);2 lanes;2.0;Straight - Level;Local Street;Dry;Two-Way, Not Divided;None;No Special Feature;Smooth Asphalt;Urban;20 - 25  MPH;Stop And Go Signal;Clear;No
35.9351000002, -79.0561999998;"{""type"": ""Point"", ""coordinates"": [-79.05619999981158, 35.93510000020516]}";Yes;11-15;12;Facing Traffic;B: Evident Injury;Travel Lane;Black;Male;Chapel Hill;Orange;No;Thursday;Bicyclist Failed to Yield - Signalized Intersection;Intersection;November;18:56;Bicyclist Ride Through - Signalized Intersection;2013;B: Evident Injury;Commercial;0-19;18;No;31-35 mph;O: No Injury;White;Male;Passenger Car;No;No;Dark - Lighted Roadway;Mixed (30% To 70% Developed);5 lanes;2.0;Straight - Level;Local Street;Dry;Two-Way, Not Divided;None;Four-Way Intersection;Smooth Asphalt;Urban;30 - 35  MPH;Stop And Go Signal;Clear;No
35.9117770926, -79.0595887438;"{""type"": ""Point"", ""coordinates"": [-79.059588743836, 35.911777092581104]}";Yes;16-19;18;With Traffic;B: Evident Injury;Sidewalk / Crosswalk / Driveway Crossing;White;Male;Chapel Hill;Orange;No;Thursday;Bicyclist Failed to Yield - Signalized Intersection;Intersection;November;18:31;Bicyclist Ride Through - Signalized Intersection;2008;B: Evident Injury;Commercial;20-24;23;No;6-10 mph;O: No Injury;White;Female;Light Truck (Mini-Van, Panel);No;No;Dark - Lighted Roadway;Urban (>70% Developed);4 lanes;2.0;Straight - Bottom;Local Street;Wet;Two-Way, Not Divided;None;Four-Way Intersection;Smooth Asphalt;Urban;20 - 25  MPH;Stop And Go Signal;Cloudy;No
35.922087095, -79.0517027419;"{""type"": ""Point"", ""coordinates"": [-79.05170274194363, 35.92208709496408]}";No;25-29;27;With Traffic;C: Possible Injury;Travel Lane;White;Female;Chapel Hill;Orange;No;Tuesday;Motorist Failed to Yield - Midblock;Non-Intersection;December;13:30;Motorist Drive Out - Residential Driveway;2012;C: Possible Injury;Farms, Woods, Pastures;20-24;21;No;0-5 mph;O: No Injury;White;Male;Passenger Car;No;No;Daylight;Urban (>70% Developed);2 lanes;2.0;Straight - Grade;Local Street;Dry;Two-Way, Not Divided;None;No Special Feature;Smooth Asphalt;Urban;20 - 25  MPH;Double Yellow Line, No Passing Zone;Clear;No
35.9254300002, -79.0246999995;"{""type"": ""Point"", ""coordinates"": [-79.02469999947469, 35.925430000193984]}";Yes;70+;0;With Traffic;B: Evident Injury;Bike Lane / Paved Shoulder;White;Male;Chapel Hill;Orange;No;Tuesday;Motorist Overtaking Bicyclist;Non-Intersection;July;16:48;Motorist Overtaking - Other / Unknown;2013;B: Evident Injury;Commercial;40-49;44;No;41-45 mph;O: No Injury;White;Male;Tractor/Semi-Trailer;No;No;Daylight;Urban (>70% Developed);4 lanes;2.0;Straight - Level;US Route;Dry;Two-Way, Divided, Unprotected Median;None;No Special Feature;Smooth Asphalt;Urban;40 - 45  MPH;No Control Present;Clear;No
35.9117199998, -79.0622000001;"{""type"": ""Point"", ""coordinates"": [-79.06220000005987, 35.91171999975163]}";Yes;20-24;24;With Traffic;B: Evident Injury;Travel Lane;White;Male;Chapel Hill;Orange;No;Wednesday;Motorist Left Turn / Merge;Intersection-Related;October;19:00;Motorist Left Turn - Opposite Direction;2013;B: Evident Injury;Commercial;20-24;23;No;0-5 mph;O: No Injury;White;Male;Passenger Car;No;No;Dark - Lighted Roadway;Urban (>70% Developed);2 lanes;2.0;Straight - Level;Local Street;Dry;Unknown;None;No Special Feature;Concrete;Urban;20 - 25  MPH;No Control Present;Clear;No
35.910947092, -79.0670027453;"{""type"": ""Point"", ""coordinates"": [-79.06700274526085, 35.91094709203774]}";Yes;50-59;57;With Traffic;B: Evident Injury;Travel Lane;White;Male;Carrboro;Orange;No;Sunday;Motorist Overtaking Bicyclist;Intersection-Related;November;15:29;Motorist Overtaking - Bicyclist Swerved;2012;B: Evident Injury;Commercial;50-59;58;No;11-15 mph;O: No Injury;Black;Male;Pickup;No;No;Daylight;Urban (>70% Developed);Unknown;2.0;Straight - Level;Local Street;Dry;Two-Way, Not Divided;None;No Special Feature;Coarse Asphalt;Urban;20 - 25  MPH;Stop And Go Signal;Clear;No
35.915260094, -79.0568027424;"{""type"": ""Point"", ""coordinates"": [-79.05680274235331, 35.91526009397395]}";Yes;25-29;28;With Traffic;B: Evident Injury;Travel Lane;White;Male;Chapel Hill;Orange;No;Friday;Motorist Left Turn / Merge;Intersection;March;18:32;Motorist Left Turn - Opposite Direction;2010;B: Evident Injury;Residential;25-29;26;No;16-20 mph;O: No Injury;Black;Female;Passenger Car;No;No;Daylight;Urban (>70% Developed);5 lanes;2.0;Curve - Grade;Local Street;Dry;Two-Way, Not Divided;None;Four-Way Intersection;Smooth Asphalt;Urban;30 - 35  MPH;Yield Sign;Clear;No
35.9075230917, -79.062782744;"{""type"": ""Point"", ""coordinates"": [-79.06278274395892, 35.907523091704945]}";Yes;11-15;13;With Traffic;C: Possible Injury;Bike Lane / Paved Shoulder;White;Female;Chapel Hill;Orange;No;Monday;Motorist Left Turn / Merge;Intersection;November;17:42;Motorist Left Turn - Opposite Direction;2009;C: Possible Injury;Residential;30-39;34;No;21-25 mph;O: No Injury;Black;Male;Passenger Car;No;No;Dark - Lighted Roadway;Urban (>70% Developed);2 lanes;2.0;Straight - Level;Local Street;Wet;Two-Way, Divided, Unprotected Median;None;No Special Feature;Smooth Asphalt;Urban;20 - 25  MPH;No Control Present;Cloudy;No
35.9666511079, -78.9674927182;"{""type"": ""Point"", ""coordinates"": [-78.9674927182438, 35.966651107914345]}";Yes;50-59;52;With Traffic;A: Disabling Injury;Travel Lane;White;Male;Durham;Durham;No;Monday;Motorist Overtaking Bicyclist;Non-Intersection;April;20:25;Motorist Overtaking - Undetected Bicyclist;2007;A: Disabling Injury;Commercial;20-24;20;No;41-45 mph;O: No Injury;White;Female;Passenger Car;No;No;Dark - Roadway Not Lighted;Urban (>70% Developed);4 lanes;2.0;Straight - Grade;Local Street;Dry;Two-Way, Divided, Unprotected Median;None;On or Off Ramp;Smooth Asphalt;Urban;40 - 45  MPH;No Control Present;Clear;No
36.0326531213, -78.9825627263;"{""type"": ""Point"", ""coordinates"": [-78.98256272627279, 36.03265312134438]}";Yes;40-49;41;With Traffic;B: Evident Injury;Travel Lane;White;Male;Durham;Durham;No;Wednesday;Motorist Overtaking Bicyclist;Non-Intersection;May;19:23;Motorist Overtaking - Misjudged Space;2007;B: Evident Injury;Commercial;40-49;41;No;41-45 mph;O: No Injury;White;Female;Van;No;No;Daylight;Urban (>70% Developed);2 lanes;2.0;Straight - Level;Local Street;Dry;Two-Way, Not Divided;None;No Special Feature;Coarse Asphalt;Urban;40 - 45  MPH;No Control Present;Clear;No
35.9352790982, -79.0560177439;"{""type"": ""Point"", ""coordinates"": [-79.05601774388467, 35.93527909823596]}";Yes;30-39;33;Facing Traffic;B: Evident Injury;Sidewalk / Crosswalk / Driveway Crossing;White;Male;Chapel Hill;Orange;No;Friday;Crossing Paths - Other Circumstances;Intersection;September;20:39;Signalized Intersection - Other / Unknown;2008;B: Evident Injury;Residential;30-39;31;No;Unknown;O: No Injury;White;Female;Passenger Car;No;No;Dark - Roadway Not Lighted;Urban (>70% Developed);5 lanes;2.0;Straight - Level;Local Street;Water (Standing, Moving);Two-Way, Divided, Unprotected Median;None;Four-Way Intersection;Smooth Asphalt;Urban;30 - 35  MPH;Stop And Go Signal;Rain;No
35.9255470942, -79.0920027537;"{""type"": ""Point"", ""coordinates"": [-79.09200275372433, 35.92554709420366]}";Yes;30-39;31;With Traffic;B: Evident Injury;Travel Lane;White;Male;Carrboro;Orange;No;Tuesday;Bicyclist Overtaking Motorist;Non-Intersection;March;12:28;Bicyclist Overtaking - Parked Vehicle;2011;B: Evident Injury;Residential;Unknown;Unknown;Missing;Unknown;Unknown Injury;Unknown/Missing;Unknown;Commercial Bus;No;No;Daylight;Urban (>70% Developed);2 lanes;2.0;Straight - Level;State Secondary Route;Dry;Two-Way, Not Divided;None;No Special Feature;Smooth Asphalt;Urban;30 - 35  MPH;Double Yellow Line, No Passing Zone;Clear;No
36.0325471211, -78.9843027275;"{""type"": ""Point"", ""coordinates"": [-78.98430272751382, 36.0325471211292]}";Yes;11-15;13;Facing Traffic;C: Possible Injury;Travel Lane;White;Male;Durham;Durham;No;Monday;Head-On;Intersection;October;15:18;Head-On - Bicyclist;2012;C: Possible Injury;Residential;70+;70+;No;31-35 mph;O: No Injury;White;Male;Sport Utility;No;No;Daylight;Urban (>70% Developed);2 lanes;2.0;Straight - Level;Local Street;Dry;Two-Way, Divided, Unprotected Median;None;No Special Feature;Smooth Asphalt;Urban;30 - 35  MPH;Stop Sign;Cloudy;No
35.964087104, -79.0582027456;"{""type"": ""Point"", ""coordinates"": [-79.05820274558646, 35.964087104028906]}";Yes;40-49;48;Facing Traffic;C: Possible Injury;Sidewalk / Crosswalk / Driveway Crossing;White;Male;Chapel Hill;Orange;No;Friday;Bicyclist Failed to Yield - Signalized Intersection;Intersection;April;16:02;Bicyclist Ride Out - Signalized  Intersection;2011;C: Possible Injury;Commercial;40-49;43;No;0-5 mph;O: No Injury;White;Female;Van;No;No;Daylight;Urban (>70% Developed);5 lanes;2.0;Straight - Level;NC Route;Wet;Two-Way, Divided, Unprotected Median;None;Four-Way Intersection;Smooth Asphalt;Urban;30 - 35  MPH;Stop And Go Signal;Rain;No
36.0334311216, -78.973302724;"{""type"": ""Point"", ""coordinates"": [-78.97330272402468, 36.033431121567084]}";Yes;30-39;33;With Traffic;B: Evident Injury;Travel Lane;Hispanic;Male;Durham;Durham;No;Tuesday;Bicyclist Left Turn / Merge;Non-Intersection;July;15:18;Bicyclist Left Turn - Same Direction;2008;B: Evident Injury;Commercial;50-59;58;No;31-35 mph;O: No Injury;White;Male;Pickup;No;No;Daylight;Urban (>70% Developed);2 lanes;2.0;Straight - Level;Local Street;Dry;Two-Way, Not Divided;None;No Special Feature;Coarse Asphalt;Urban;30 - 35  MPH;No Control Present;Clear;No
35.9292570976, -79.0341727362;"{""type"": ""Point"", ""coordinates"": [-79.03417273620155, 35.92925709758748]}";Yes;16-19;18;With Traffic;B: Evident Injury;Unknown;White;Male;Chapel Hill;Orange;No;Saturday;Bicyclist Failed to Yield - Signalized Intersection;Intersection;September;14:17;Bicyclist Ride Out - Signalized  Intersection;2007;B: Evident Injury;Commercial;60-69;68;No;0-5 mph;O: No Injury;White;Female;Passenger Car;No;No;Daylight;Urban (>70% Developed);9 or more lanes;2.0;Straight - Level;Local Street;Dry;Two-Way, Not Divided;None;Four-Way Intersection;Smooth Asphalt;Urban;30 - 35  MPH;Stop And Go Signal;Clear;No
35.8915970884, -79.0644427439;"{""type"": ""Point"", ""coordinates"": [-79.06444274385063, 35.89159708844774]}";No;40-49;43;With Traffic;B: Evident Injury;Travel Lane;White;Male;Chapel Hill;Orange;No;Monday;Motorist Right Turn / Merge;Intersection;February;13:27;Motorist Right Turn - Same Direction;2008;B: Evident Injury;Residential;0-19;19;No;26-30 mph;O: No Injury;White;Male;Passenger Car;No;No;Daylight;Urban (>70% Developed);2 lanes;2.0;Curve - Grade;Local Street;Dry;Two-Way, Not Divided;None;T-Intersection;Smooth Asphalt;Urban;30 - 35  MPH;Stop Sign;Clear;No
35.921863093, -79.1078627587;"{""type"": ""Point"", ""coordinates"": [-79.10786275871824, 35.92186309303961]}";No;60-69;64;With Traffic;C: Possible Injury;Bike Lane / Paved Shoulder;White;Male;None - Rural Crash;Orange;No;Tuesday;Loss of Control / Turning Error;Non-Intersection;June;9:13;Motorist Lost Control - Other / Unknown;2009;C: Possible Injury;Farms, Woods, Pastures;Unknown;Unknown;No;36-40 mph;Unknown Injury;Unknown/Missing;Unknown;Unknown;No;Yes;Daylight;Rural (<30% Developed);2 lanes;2.0;Straight - Level;NC Route;Dry;Two-Way, Not Divided;None;No Special Feature;Smooth Asphalt;Rural;40 - 45  MPH;Double Yellow Line, No Passing Zone;Clear;No
35.908867092, -79.0593027431;"{""type"": ""Point"", ""coordinates"": [-79.05930274311167, 35.90886709204745]}";Yes;20-24;23;With Traffic;B: Evident Injury;Bike Lane / Paved Shoulder;White;Female;Chapel Hill;Orange;No;Sunday;Motorist Right Turn / Merge;Intersection;October;20:06;Motorist Right Turn - Same Direction;2011;B: Evident Injury;Residential;20-24;21;No;0-5 mph;O: No Injury;White;Female;Passenger Car;No;No;Dark - Lighted Roadway;Urban (>70% Developed);2 lanes;2.0;Straight - Level;Local Street;Dry;Two-Way, Not Divided;None;T-Intersection;Smooth Asphalt;Urban;30 - 35  MPH;No Control Present;Clear;No
35.9131870936, -79.0588027428;"{""type"": ""Point"", ""coordinates"": [-79.05880274283945, 35.913187093579936]}";Yes;40-49;48;With Traffic;Unknown Injury;Travel Lane;White;Male;Chapel Hill;Orange;No;Wednesday;Motorist Right Turn / Merge;Intersection;February;17:22;Motorist Right Turn - Same Direction;2011;O: No Injury;Commercial;25-29;28;No;0-5 mph;O: No Injury;White;Male;Van;No;No;Daylight;Urban (>70% Developed);2 lanes;2.0;Straight - Level;Local Street;Dry;Two-Way, Not Divided;None;Four-Way Intersection;Smooth Asphalt;Urban;20 - 25  MPH;Stop And Go Signal;Clear;No
35.9755471097, -78.9738027211;"{""type"": ""Point"", ""coordinates"": [-78.97380272109501, 35.975547109747644]}";Yes;16-19;16;With Traffic;C: Possible Injury;Travel Lane;White;Male;Durham;Durham;No;Saturday;Motorist Overtaking Bicyclist;Non-Intersection;June;12:09;Motorist Overtaking - Other / Unknown;2012;C: Possible Injury;Residential;Unknown;Unknown;Missing;0-5 mph;Unknown Injury;Unknown/Missing;Unknown;Unknown Heavy Truck;No;Yes;Daylight;Urban (>70% Developed);2 lanes;2.0;Straight - Level;Local Street;Dry;One-Way, Not Divided;None;No Special Feature;Smooth Asphalt;Urban;30 - 35  MPH;No Control Present;Clear;No
35.9050570922, -79.0480067394;"{""type"": ""Point"", ""coordinates"": [-79.04800673937484, 35.9050570921856]}";Yes;20-24;21;Unknown;B: Evident Injury;Multi-use Path;White;Male;Chapel Hill;Orange;No;Tuesday;Non-Roadway;Non-Roadway;December;18:48;Non-Roadway;2007;B: Evident Injury;Institutional;30-39;38;No;6-10 mph;O: No Injury;Asian;Male;Passenger Car;No;No;Dark - Lighted Roadway;Urban (>70% Developed);1 lane;2.0;Straight - Grade;Public Vehicular Area;Dry;One-Way, Not Divided;None;No Special Feature;Coarse Asphalt;Urban;5 - 15 MPH;No Control Present;Clear;No
36.0100571162, -78.9900427273;"{""type"": ""Point"", ""coordinates"": [-78.9900427273312, 36.010057116237476]}";No;30-39;37;With Traffic;B: Evident Injury;Travel Lane;White;Male;None - Rural Crash;Durham;No;Friday;Motorist Failed to Yield - Sign-Controlled Intersection;Intersection;August;18:00;Motorist Drive Out - Sign-Controlled Intersection;2010;B: Evident Injury;Farms, Woods, Pastures;70+;70+;No;0-5 mph;O: No Injury;White;Male;Sport Utility;No;No;Daylight;Rural (<30% Developed);2 lanes;2.0;Curve - Grade;State Secondary Route;Dry;Two-Way, Not Divided;None;Four-Way Intersection;Coarse Asphalt;Rural;40 - 45  MPH;Stop Sign;Clear;No
35.8802220881, -78.9966427226;"{""type"": ""Point"", ""coordinates"": [-78.99664272258178, 35.88022208806041]}";Yes;50-59;53;With Traffic;B: Evident Injury;Travel Lane;White;Male;None - Rural Crash;Durham;No;Wednesday;Other / Unusual Circumstances;Non-Intersection;August;17:41;Motorist Intentionally Caused;2009;B: Evident Injury;Residential;20-24;22;No;41-45 mph;O: No Injury;Black;Male;Passenger Car;No;Yes;Daylight;Mixed (30% To 70% Developed);2 lanes;2.0;Straight - Level;State Secondary Route;Dry;Two-Way, Not Divided;None;No Special Feature;Smooth Asphalt;Rural;40 - 45  MPH;Double Yellow Line, No Passing Zone;Clear;No
35.935097099, -79.0294127358;"{""type"": ""Point"", ""coordinates"": [-79.02941273579928, 35.935097099032454]}";Yes;11-15;12;With Traffic;C: Possible Injury;Sidewalk / Crosswalk / Driveway Crossing;Black;Male;Chapel Hill;Orange;No;Wednesday;Bicyclist Failed to Yield - Signalized Intersection;Intersection;September;17:16;Bicyclist Failed to Clear - Trapped;2008;C: Possible Injury;Commercial;20-24;22;No;0-5 mph;O: No Injury;White;Female;Passenger Car;No;No;Daylight;Urban (>70% Developed);4 lanes;2.0;Straight - Level;Local Street;Dry;Two-Way, Divided, Unprotected Median;None;Four-Way Intersection;Smooth Asphalt;Urban;30 - 35  MPH;Stop And Go Signal;Clear;No
35.9087600002, -79.0928;"{""type"": ""Point"", ""coordinates"": [-79.09280000000977, 35.908760000185445]}";Yes;25-29;27;With Traffic;B: Evident Injury;Bike Lane / Paved Shoulder;White;Female;Carrboro;Orange;No;Thursday;Motorist Overtaking Bicyclist;Non-Intersection;August;22:06;Motorist Overtaking - Other / Unknown;2013;B: Evident Injury;Residential;Unknown;Unknown;Missing;31-35 mph;Unknown Injury;Unknown/Missing;Unknown;Unknown;No;Yes;Dark - Lighted Roadway;Mixed (30% To 70% Developed);2 lanes;2.0;Straight - Level;Local Street;Dry;Two-Way, Not Divided;None;No Special Feature;Smooth Asphalt;Urban;30 - 35  MPH;No Control Present;Clear;No
35.8985020883, -79.1079227576;"{""type"": ""Point"", ""coordinates"": [-79.10792275758902, 35.898502088327156]}";Yes;30-39;33;With Traffic;C: Possible Injury;Travel Lane;White;Female;None - Rural Crash;Orange;No;Thursday;Motorist Overtaking Bicyclist;Non-Intersection;September;13:43;Motorist Overtaking - Other / Unknown;2008;C: Possible Injury;Farms, Woods, Pastures;50-59;53;No;41-45 mph;O: No Injury;White;Male;Pickup;No;No;Daylight;Rural (<30% Developed);2 lanes;2.0;Curve - Grade;State Secondary Route;Dry;Two-Way, Not Divided;None;No Special Feature;Smooth Asphalt;Rural;40 - 45  MPH;Double Yellow Line, No Passing Zone;Clear;No
35.9106740925, -79.0542627417;"{""type"": ""Point"", ""coordinates"": [-79.05426274165018, 35.91067409248638]}";Yes;20-24;21;With Traffic;B: Evident Injury;Travel Lane;White;Female;Chapel Hill;Orange;Yes;Thursday;Motorist Failed to Yield - Signalized Intersection;Intersection;August;16:15;Motorist Drive Through - Signalized Intersection;2009;B: Evident Injury;Institutional;20-24;22;Yes;11-15 mph;O: No Injury;White;Male;Passenger Car;No;No;Daylight;Urban (>70% Developed);Unknown;2.0;Straight - Grade;Local Street;Dry;One-Way, Not Divided;None;No Special Feature;Coarse Asphalt;Urban;20 - 25  MPH;Stop And Go Signal;Clear;No
35.9118870925, -79.0587027427;"{""type"": ""Point"", ""coordinates"": [-79.05870274274987, 35.911887092475624]}";No;16-19;16;Facing Traffic;C: Possible Injury;Sidewalk / Crosswalk / Driveway Crossing;Black;Male;Chapel Hill;Orange;No;Tuesday;Motorist Failed to Yield - Midblock;Non-Intersection;July;15:00;Motorist Drive Out - Commercial Driveway / Alley;2011;C: Possible Injury;Commercial;0-19;19;No;0-5 mph;O: No Injury;White;Female;Passenger Car;No;No;Daylight;Urban (>70% Developed);Unknown;2.0;Straight - Level;Public Vehicular Area;Dry;Two-Way, Not Divided;None;Driveway, Private;Smooth Asphalt;Urban;5 - 15 MPH;No Control Present;Clear;No
35.9470470974, -79.1304027669;"{""type"": ""Point"", ""coordinates"": [-79.13040276686904, 35.947047097397665]}";Yes;20-24;23;With Traffic;A: Disabling Injury;Travel Lane;White;Female;None - Rural Crash;Orange;No;Thursday;Motorist Right Turn / Merge;Intersection;April;17:26;Motorist Right Turn - Same Direction;2011;A: Disabling Injury;Farms, Woods, Pastures;25-29;25;No;41-45 mph;O: No Injury;Black;Female;Passenger Car;No;No;Daylight;Rural (<30% Developed);2 lanes;2.0;Straight - Grade;State Secondary Route;Dry;Two-Way, Not Divided;None;T-Intersection;Smooth Asphalt;Rural;50 - 55  MPH;Double Yellow Line, No Passing Zone;Clear;No
35.9088670919, -79.0593327425;"{""type"": ""Point"", ""coordinates"": [-79.05933274254652, 35.908867091884694]}";No;16-19;19;With Traffic;B: Evident Injury;Travel Lane;White;Female;Chapel Hill;Orange;No;Saturday;Motorist Right Turn / Merge;Intersection;September;21:24;Motorist Right Turn - Same Direction;2010;B: Evident Injury;Residential;Unknown;Unknown;Missing;Unknown;Unknown Injury;Unknown/Missing;Unknown;Passenger Car;No;Yes;Dark - Lighted Roadway;Urban (>70% Developed);4 lanes;2.0;Straight - Level;Local Street;Dry;Two-Way, Not Divided;None;T-Intersection;Smooth Asphalt;Urban;Unknown;No Control Present;Clear;No
35.9141340939, -79.045082739;"{""type"": ""Point"", ""coordinates"": [-79.04508273895367, 35.914134093872065]}";Yes;25-29;27;With Traffic;C: Possible Injury;Travel Lane;White;Male;Chapel Hill;Orange;No;Saturday;Bicyclist Overtaking Motorist;Intersection-Related;February;12:07;Bicyclist Overtaking - Passing on Right;2009;C: Possible Injury;Institutional;20-24;22;No;0-5 mph;O: No Injury;White;Female;Passenger Car;No;No;Daylight;Urban (>70% Developed);2 lanes;2.0;Curve - Grade;Local Street;Dry;Two-Way, Divided, Unprotected Median;None;No Special Feature;Smooth Asphalt;Urban;20 - 25  MPH;Double Yellow Line, No Passing Zone;Clear;No
35.8566620804, -79.0867127488;"{""type"": ""Point"", ""coordinates"": [-79.08671274882869, 35.85666208044171]}";Yes;6-10;10;Not Applicable;B: Evident Injury;Driveway / Alley;White;Male;None - Rural Crash;Chatham;No;Tuesday;Bicyclist Failed to Yield - Midblock;Non-Intersection;April;17:18;Bicyclist Ride Out - Residential Driveway;2007;B: Evident Injury;Farms, Woods, Pastures;25-29;26;No;11-15 mph;O: No Injury;White;Male;Passenger Car;No;No;Daylight;Rural (<30% Developed);2 lanes;2.0;Straight - Level;State Secondary Route;Dry;Two-Way, Not Divided;None;Driveway, Private;Coarse Asphalt;Rural;30 - 35  MPH;No Control Present;Clear;No
35.9464471017, -79.0089027296;"{""type"": ""Point"", ""coordinates"": [-79.00890272957379, 35.94644710174162]}";No;25-29;26;With Traffic;C: Possible Injury;Travel Lane;White;Male;Chapel Hill;Orange;No;Sunday;Motorist Overtaking Bicyclist;Non-Intersection;April;3:20;Motorist Overtaking - Undetected Bicyclist;2008;C: Possible Injury;Commercial;30-39;34;No;36-40 mph;O: No Injury;White;Male;Passenger Car;No;No;Dark - Roadway Not Lighted;Urban (>70% Developed);4 lanes;2.0;Straight - Level;US Route;Wet;Two-Way, Divided, Unprotected Median;None;No Special Feature;Coarse Asphalt;Urban;40 - 45  MPH;No Control Present;Rain;No
35.9244270945, -79.0986587557;"{""type"": ""Point"", ""coordinates"": [-79.09865875569659, 35.92442709451901]}";No;30-39;35;Not Applicable;C: Possible Injury;Travel Lane;Hispanic;Male;None - Rural Crash;Orange;No;Friday;Non-Roadway;Non-Roadway;August;18:06;Non-Roadway;2009;C: Possible Injury;Residential;Unknown;Unknown;Missing;11-15 mph;Unknown Injury;Unknown/Missing;Unknown;Pickup;No;No;Dusk;Mixed (30% To 70% Developed);2 lanes;3.0;Straight - Level;Private Road, Driveway;Dry;Two-Way, Not Divided;None;Driveway, Private;Gravel;Rural;5 - 15 MPH;No Control Present;Cloudy;No
35.9419799996, -79.0907000003;"{""type"": ""Point"", ""coordinates"": [-79.09070000033552, 35.94197999959656]}";No;30-39;32;With Traffic;O: No Injury;Travel Lane;Black;Male;Carrboro;Orange;No;Wednesday;Bicyclist Overtaking Motorist;Non-Intersection;August;18:04;Bicyclist Overtaking - Parked Vehicle;2013;O: No Injury;Residential;Unknown;Unknown;Missing;Unknown;Unknown Injury;Unknown/Missing;Unknown;Passenger Car;No;No;Daylight;Urban (>70% Developed);2 lanes;2.0;Straight - Level;Local Street;Dry;Two-Way, Not Divided;None;No Special Feature;Smooth Asphalt;Urban;20 - 25  MPH;No Control Present;Clear;No
35.9098670932, -79.04728274;"{""type"": ""Point"", ""coordinates"": [-79.0472827399995, 35.90986709315614]}";Yes;30-39;39;With Traffic;B: Evident Injury;Travel Lane;Native American;Male;Chapel Hill;Orange;No;Wednesday;Parking / Bus-Related;Non-Intersection;October;7:56;Motorist Drive In / Out - Parking;2008;B: Evident Injury;Institutional;30-39;36;No;0-5 mph;O: No Injury;White;Male;Sport Utility;No;No;Daylight;Mixed (30% To 70% Developed);2 lanes;2.0;Straight - Level;Local Street;Dry;Two-Way, Not Divided;None;No Special Feature;Smooth Asphalt;Urban;20 - 25  MPH;Missing;Clear;No
35.9037570912, -79.0527027412;"{""type"": ""Point"", ""coordinates"": [-79.05270274116236, 35.90375709115476]}";No;60-69;60;With Traffic;O: No Injury;Travel Lane;White;Male;Chapel Hill;Orange;No;Wednesday;Bicyclist Overtaking Motorist;Intersection;September;11:00;Bicyclist Overtaking - Passing on Left;2011;O: No Injury;Institutional;50-59;59;No;11-15 mph;Unknown Injury;Black;Female;Other Bus;No;No;Daylight;Mixed (30% To 70% Developed);2 lanes;2.0;Straight - Level;Local Street;Dry;Two-Way, Not Divided;None;No Special Feature;Smooth Asphalt;Urban;20 - 25  MPH;Stop And Go Signal;Clear;No